id,dashboard_name,dashboard_link,dashboard_author,bucket_path,created_at,favorite_count
010066ea-30e9-4e7b-9654-2bdea83cacb4,Superstore - Tag Cloud,https://public.tableau.com/app/profile/kizley.benedict/viz/Superstore-TagCloud/OrderDetails,Kizley Benedict,screenshots/010066ea-30e9-4e7b-9654-2bdea83cacb4.png,2026-03-21 18:27:48.504657+00,386
01330a34-b004-4889-8f49-2e67e6e7a4c4,SuperStore Dashboard,https://public.tableau.com/app/profile/iaroslava/viz/Dashboard_17066338442540/OVERVIEW,Iaroslava Mizai,screenshots/01330a34-b004-4889-8f49-2e67e6e7a4c4.png,2026-03-21 18:22:29.249848+00,130
014a0a28-5295-4b3f-814d-f5b8a5bc1208,Superstore Sales Dashboard,https://public.tableau.com/app/profile/quda/viz/SuperstoreSalesDashboard_15886692844100/SalesDashboard,quda,screenshots/014a0a28-5295-4b3f-814d-f5b8a5bc1208.png,2026-02-05 10:17:45.263706+00,6
01625d03-aa0c-412a-9197-5e5d59a879ed,Superstore Performance Overview,https://public.tableau.com/app/profile/efrina/viz/SuperstorePerformanceOverview_17418465017890/Dashboard,Efrina,screenshots/01625d03-aa0c-412a-9197-5e5d59a879ed.png,2026-03-21 18:56:58.892589+00,9
02ed6cc4-8e25-4e23-b9ea-89510ba0f042,Superstore KPI,https://public.tableau.com/app/profile/saeyoon.lee/viz/SuperstoreKPI_16285627736080/1_,Saeyoon Lee,screenshots/02ed6cc4-8e25-4e23-b9ea-89510ba0f042.png,2026-03-21 19:04:21.139034+00,20
0349857e-9540-498f-a202-d1ec04f8b965,Superstore - KPI Color Coding #VOTD,https://public.tableau.com/app/profile/rosa.mariana.de.leon.e/viz/Superstore-KPIColorCoding/Dashboard1,Rosa Mariana de León-Escribano,screenshots/0349857e-9540-498f-a202-d1ec04f8b965.png,2026-04-08 19:13:31.329009+00,624
03d417bf-688b-4772-b85a-12ea8aa3e82b,Interactive Superstore Dashboard,https://public.tableau.com/app/profile/viyer22/viz/InteractiveSuperstoreDashboard_17048816517310/Dashboard1,Venkatesh Iyer,screenshots/03d417bf-688b-4772-b85a-12ea8aa3e82b.png,2026-03-21 19:01:40.182366+00,14
03ee7dec-81aa-4d2c-8848-22a0b49059ec,Superstore Analytics,https://public.tableau.com/app/profile/technical.product.marketing/viz/SuperstoreAnalytics/iPhoneStory,Technical Product Marketing,screenshots/03ee7dec-81aa-4d2c-8848-22a0b49059ec.png,2026-03-21 18:48:20.862165+00,36
047338f0-f691-4626-ba72-56b95831cd62,Superstore Orders Dashboard (for students),https://public.tableau.com/app/profile/eduard6080/viz/SuperstoreOrdersDashboard_17017103433210/OrdersDashboard,Eduard Nizamov,screenshots/047338f0-f691-4626-ba72-56b95831cd62.png,2026-03-21 19:01:26.436089+00,19
04ca20c2-6f38-43bb-8a73-9e412d192121,Superstore KPI Dashboard,https://public.tableau.com/app/profile/corey.jones/viz/SuperstoreKPIDashboard_15812544295180/Dashboard1,Corey Jones,screenshots/04ca20c2-6f38-43bb-8a73-9e412d192121.png,2026-03-21 18:42:06.650485+00,79
05d6545f-e269-4800-aa2b-f33b0dbc2e42,Superstore Basic KPI Dashboard,https://public.tableau.com/app/profile/alishadhillon/viz/SuperstoreBasicKPIDashboard/FigmaDashboard,Alisha Dhillon,screenshots/05d6545f-e269-4800-aa2b-f33b0dbc2e42.png,2026-03-21 19:28:18.205757+00,6
0609ebd6-de69-48cb-9bad-ccaddb0011b4,Metric Analysis - Sample Superstore,https://public.tableau.com/app/profile/charlie.geen/viz/MetricAnalysis-SampleSuperstore/Dashboard24,Charlie Geen,screenshots/0609ebd6-de69-48cb-9bad-ccaddb0011b4.png,2026-03-21 18:43:43.502112+00,156
0680041e-4ba2-4935-8f7e-02f264285350,Superstore Performance Dashboard | #VOTD,https://public.tableau.com/app/profile/nikkiviz/viz/SuperstorePerformanceDashboard_17701564064270/Overview,Nikki Perry,screenshots/0680041e-4ba2-4935-8f7e-02f264285350.png,2026-04-08 19:16:47.270493+00,120
07b48368-60a2-4eca-b595-aefc9938c27f,Bars & Lines & Dots: Superstore Sales by Category,https://public.tableau.com/app/profile/klaus.schulte/viz/BarsLinesDotsSuperstoreSalesbyCategory/LayeringTechnique,Klaus Schulte,screenshots/07b48368-60a2-4eca-b595-aefc9938c27f.png,2026-02-05 10:17:01.122509+00,27
08a16b8a-f5c5-40e9-907d-03e33beea72a,European Superstore Performance - Executive Summary (#VOTD),https://public.tableau.com/app/profile/vignesh.suresh1214/viz/EuropeanSuperstorePerformance-ExecutiveSummary_16845032644260/Dashboard,Vignesh Suresh,screenshots/08a16b8a-f5c5-40e9-907d-03e33beea72a.png,2026-03-21 18:24:42.175656+00,623
0a5b5af9-1ca0-4536-ad6f-3bafa173d2d1,Superstore Summary Dashboard(Mobile),https://public.tableau.com/app/profile/akash.sengupta/viz/SuperstoreSummaryDashboardMobile/SuperstoreSummaryDashboard,Akash Sengupta,screenshots/0a5b5af9-1ca0-4536-ad6f-3bafa173d2d1.png,2026-03-21 19:00:32.596006+00,9
0b2ffff7-686b-4ff5-917f-98a3d25836d7,Superstore Dashboards,https://public.tableau.com/app/profile/vizpositive/viz/SuperstoreDashboards_15973888635250/DB1-SuperstoreOverview,Jyoti Lunaych,screenshots/0b2ffff7-686b-4ff5-917f-98a3d25836d7.png,2026-03-21 18:20:25.520357+00,148
0bef8d4d-d8c6-4f66-b9ca-bede3f4d7522,Superstore Analysis - Tableau Assignment,https://public.tableau.com/app/profile/angeliquegreenhaw/viz/SuperstoreAnalysis-TableauAssignment/TrendsOverTime,angeliquegreenhaw@gmail.com,screenshots/0bef8d4d-d8c6-4f66-b9ca-bede3f4d7522.png,2026-03-21 19:24:33.062212+00,23
0db294be-cc36-4c09-969d-02173c1c6af3,Superstore Dashboard,https://public.tableau.com/app/profile/nisar.ahmed6452/viz/SuperstoreDashboard_16393643972300/SUPERSTOREDASHBOARD,Nisar Ahmed,screenshots/0db294be-cc36-4c09-969d-02173c1c6af3.png,2026-03-21 18:54:29.049667+00,35
0e4dd1b1-d35f-4f41-aac2-7c2d9d4925a9,European Superstore Sale Performance,https://public.tableau.com/app/profile/sparsonsdataviz/viz/EuropeanSuperstoreSalePerformance/BusinessDashboardExp,Samuel Parsons,screenshots/0e4dd1b1-d35f-4f41-aac2-7c2d9d4925a9.png,2026-02-05 10:07:52.90181+00,120
0ef215b2-9a02-4001-9658-b0e96f889acb,Superstore Performance Dashboard,https://public.tableau.com/app/profile/lomska/viz/SuperstorePerformanceOverview_17018791727490/Overview,Tanya Lomskaya,screenshots/0ef215b2-9a02-4001-9658-b0e96f889acb.png,2026-03-21 18:20:39.066136+00,45
0f110afe-6c13-435c-ab14-e7e2d12e8b96,Superstore Sales Dashboard for Executives,https://public.tableau.com/app/profile/stanke/viz/SuperstoreSalesDashboardforExecutives/Executive,Luke Stanke,screenshots/0f110afe-6c13-435c-ab14-e7e2d12e8b96.png,2026-02-05 10:06:09.353377+00,752
0f14796b-d843-4123-bd62-391f16cae229,Demo Excecutive Performance Dashboard - Superstore,https://public.tableau.com/app/profile/an.tran4426/viz/DemoExcecutiveDashboard-Superstore/DemoDashboard-Executive,An Tran,screenshots/0f14796b-d843-4123-bd62-391f16cae229.png,2026-04-08 20:13:29.601475+00,55
0f97d7bd-5844-4585-a428-a4ade4e4fd04,SuperStore Management Dashboard,https://public.tableau.com/app/profile/robert.surkes/viz/SuperStoreManagementDashboard_17144178310960/SuperstoreSummary,Robert Surkes,screenshots/0f97d7bd-5844-4585-a428-a4ade4e4fd04.png,2026-03-21 18:43:56.726186+00,92
10656648-6508-446b-bded-cdeca2a4385b,Superstore Sales Example,https://public.tableau.com/app/profile/august5238/viz/SuperstoreSalesExample_15647669472160/Superstore,August Severn,screenshots/10656648-6508-446b-bded-cdeca2a4385b.png,2026-02-05 10:19:07.203635+00,6
10f30eee-637a-4392-9e08-9ffa46e7ce92,Superstore Sales Overview Dashboard,https://public.tableau.com/app/profile/geraint.davies3535/viz/SuperstoreSalesOverviewDashboard/SalesOverviewDashbaord,Geraint Davies,screenshots/10f30eee-637a-4392-9e08-9ffa46e7ce92.png,2026-02-05 10:18:41.843655+00,6
111e90d3-49be-405a-9bb5-e7c0af7b1908,Superstore Sales Dashboard,https://public.tableau.com/app/profile/zakaria.chbani/viz/SuperstoreSalesDashboard_16571163018690/Home,Zakaria Chbani,screenshots/111e90d3-49be-405a-9bb5-e7c0af7b1908.png,2026-02-05 10:14:33.048793+00,5
124195e1-c99d-4f1e-95d6-bf35ea039d6d,Superstore Sales Overview(Darkmode),https://public.tableau.com/app/profile/israel.ayo/viz/SalesOverviewDarkmode/Dashboard,Israel Ayoola,screenshots/124195e1-c99d-4f1e-95d6-bf35ea039d6d.png,2026-02-05 10:16:22.230349+00,11
12966311-7a12-468b-80a4-681359e67c18,Sample Superstore Dashboard,https://public.tableau.com/app/profile/gurpreet.singh.vilkhoo/viz/superstore_16164828580140/SUPERSTORE,GURPREET SINGH VILKHOO,screenshots/12966311-7a12-468b-80a4-681359e67c18.png,2026-04-08 19:17:00.41422+00,219
141fc560-5b9e-4d9b-a2d2-a3856486a6b2,Superstore,https://public.tableau.com/app/profile/slee/viz/Superstore_290/Overview,Leesol,screenshots/141fc560-5b9e-4d9b-a2d2-a3856486a6b2.png,2026-03-21 19:06:49.274185+00,17
14b81d7e-29ba-421f-9cef-3e5039dde3aa,Mobile-Optimized Superstore Sales Dashboard,https://public.tableau.com/app/profile/agata1619/viz/Mobile-OptimizedSuperstoreSalesDashboard/SalesSummary,Agata Ketterick,screenshots/14b81d7e-29ba-421f-9cef-3e5039dde3aa.png,2026-02-05 10:05:41.83097+00,563
14d6d46f-f930-400c-8aa2-61c0ff28cc21,Superstore,https://public.tableau.com/app/profile/suresh.gowda/viz/Superstore_16642001283350/Overview,Suresh Gowda,screenshots/14d6d46f-f930-400c-8aa2-61c0ff28cc21.png,2026-03-21 18:53:15.903627+00,29
1572a673-6894-412a-84e9-cd0576ad77fa,Profit Analysis- Sample Superstore,https://public.tableau.com/app/profile/vizze.ss/viz/ProfitAnalysis_15975721651810/ProfitAnalysis,Shalaka Saraogi,screenshots/1572a673-6894-412a-84e9-cd0576ad77fa.png,2026-03-21 18:46:05.758485+00,15
170cd90e-dfd5-4c72-af3b-37b8a9ccdc49,Superstore Scatterplot Comet Chart,https://public.tableau.com/app/profile/kevin.flerlage/viz/SuperstoreScatterplotCometChart/SuperstoreScatterCometChart,Kevin Flerlage,screenshots/170cd90e-dfd5-4c72-af3b-37b8a9ccdc49.png,2026-03-21 19:20:51.276494+00,27
17b6145e-9143-4f8b-8b2d-9103e59c6747,Sample Superstore,https://public.tableau.com/app/profile/nirmalkumar.a/viz/SuperstoreExercise_15563011021530/SuperstoreAnalysis,Nirmal Kumar,screenshots/17b6145e-9143-4f8b-8b2d-9103e59c6747.png,2026-04-08 20:23:17.346131+00,18
181ee4e9-ff04-454f-a549-545a827530da,The Superstore Table Story,https://public.tableau.com/app/profile/mahmoud.yaghmour/viz/TheSuperstoreTableStory/5TheStory,Mahmoud Yaghmour,screenshots/181ee4e9-ff04-454f-a549-545a827530da.png,2026-04-08 20:03:27.940319+00,21
18ccd882-7e37-46d5-b1b9-90d600dd5e93,Superstore KPIs,https://public.tableau.com/app/profile/andy.kriebel/viz/SuperstoreKPIs_15952622705870/Sample,Andy Kriebel,screenshots/18ccd882-7e37-46d5-b1b9-90d600dd5e93.png,2026-03-21 18:21:17.796682+00,423
1901e2a5-3dbc-4c6d-8525-fc1525fda62f,Superstore,https://public.tableau.com/app/profile/irene.schmidt/viz/Superstore_15939082683400/SUPERSTORE,Irene Christina Schmidt,screenshots/1901e2a5-3dbc-4c6d-8525-fc1525fda62f.png,2026-03-21 18:38:39.694407+00,87
190a0b2a-1204-441f-89a1-f56070521947,Superstore ELVTR,https://public.tableau.com/app/profile/bill.yost/viz/SuperstoreELVTR/SuperstoreDashboard,Bill Yost,screenshots/190a0b2a-1204-441f-89a1-f56070521947.png,2026-03-21 18:23:49.52832+00,110
19155b7b-ac79-4da8-bf26-a068bb83d9ff,Superstore Sales (mobile view),https://public.tableau.com/app/profile/adi.mccrea/viz/superstoresalesmobileview/mobileview,Adi McCrea (she / her),screenshots/19155b7b-ac79-4da8-bf26-a068bb83d9ff.png,2026-02-05 10:12:19.505703+00,36
198b7ed3-ab12-4de1-b933-1bab9690cf3b,Superstore,https://public.tableau.com/app/profile/vidhyasri/viz/Superstore_1854/Sheet4,vidhyasri,screenshots/198b7ed3-ab12-4de1-b933-1bab9690cf3b.png,2026-03-21 19:27:25.104037+00,20
1b0592b2-b7f5-4849-8e09-c00b307bf172,Mobile Modern Dashboard,https://public.tableau.com/app/profile/lindsay.betzendahl/viz/MobileModernDashboard/MobileDesignSummary,Lindsay Betzendahl,screenshots/1b0592b2-b7f5-4849-8e09-c00b307bf172.png,2026-04-08 19:24:56.069448+00,239
1c6fba5d-67a4-4f86-b7a8-6f5f37c4dd30,KPI Superstore Design,https://public.tableau.com/app/profile/owen.barnes/viz/KPISuperstoreDesign/Light,Owen Barnes,screenshots/1c6fba5d-67a4-4f86-b7a8-6f5f37c4dd30.png,2026-04-08 20:20:12.389179+00,23
2019836a-f3d4-4f94-acd8-efa727da5378,iPhone - Superstore Sales,https://public.tableau.com/app/profile/mirandali/viz/iPhone-SuperstoreSales/iPhoneStory,Miranda Li,screenshots/2019836a-f3d4-4f94-acd8-efa727da5378.png,2026-02-05 10:14:07.201939+00,7
2079f54b-9040-4391-95cf-d215dabce43c,Superstore Overview Dashboard,https://public.tableau.com/app/profile/waqar.ahmed.shaikh/viz/SuperstoreOverviewDashboard_17090332693110/HomeLM,Waqar Ahmed Shaikh,screenshots/2079f54b-9040-4391-95cf-d215dabce43c.png,2026-03-21 18:20:12.171633+00,784
20885fd1-069f-4c64-9ae7-e869c8c5e000,Superstore Analysis,https://public.tableau.com/app/profile/insan.cahya.setia/viz/SuperstoreAnalysis_16405253966160/DashboardOrders,Insan Cahya Setia,screenshots/20885fd1-069f-4c64-9ae7-e869c8c5e000.png,2026-04-08 20:00:18.238636+00,134
20ea1a03-1281-45ce-a31f-cc85501c19bf,Superstore Performance Overview,https://public.tableau.com/app/profile/julie.li/viz/SupersorePerformanceOverview/PerformanceMetrics,Julie Li,screenshots/20ea1a03-1281-45ce-a31f-cc85501c19bf.png,2026-03-21 19:19:31.883932+00,5
212e8493-90a1-435f-b1f1-ea4fd5fe6496,EU Superstore Sales (IIB Awards Longlist),https://public.tableau.com/app/profile/naresh.suglani/viz/SuperstoreEUSales_16867286714330/Summary,Naresh Suglani,screenshots/212e8493-90a1-435f-b1f1-ea4fd5fe6496.png,2026-02-05 10:09:00.22032+00,601
22298632-ddce-49f8-8add-819412ae084d,Sample Superstore,https://public.tableau.com/app/profile/anurag.patel/viz/SampleSuperstore_GRIP-Sparks/Quickview,Anurag Patel,screenshots/22298632-ddce-49f8-8add-819412ae084d.png,2026-03-21 19:23:08.829499+00,23
245429a7-88d9-4b8b-9b44-bb64f9e8149b,Superstore Comparison Tool,https://public.tableau.com/app/profile/kasia.gasiewska.holc/viz/SuperstoreComparisonTool/SuperstoreComparisonTool,Kasia Gąsiewska-Holc,screenshots/245429a7-88d9-4b8b-9b44-bb64f9e8149b.png,2026-03-21 18:29:57.842241+00,134
2504afc9-8288-4bd4-b02d-61f75887c7a8,sample superstore,https://public.tableau.com/app/profile/shreejal.gupta/viz/sale_16411346112610/Dashboard1,Shreejal Gupta,screenshots/2504afc9-8288-4bd4-b02d-61f75887c7a8.png,2026-03-21 19:09:54.587999+00,11
25d332e4-f374-47e5-ad95-071cccdffd5c,Superstore Product Sales Variance 2018-2019,https://public.tableau.com/app/profile/klaus.schulte/viz/SuperstoreProductSalesVariance2018-2019/SuperstoreProductSalesVariance,Klaus Schulte,screenshots/25d332e4-f374-47e5-ad95-071cccdffd5c.png,2026-03-21 19:25:46.182471+00,47
2616199a-d752-48ac-a1f2-ff1812db7549,Superstore KPIs Inspiration,https://public.tableau.com/app/profile/adrian.zinovei/viz/SuperstoreKPIsInspiration/Summary,Adrian Zinovei,screenshots/2616199a-d752-48ac-a1f2-ff1812db7549.png,2026-03-21 18:19:31.742999+00,541
27052e58-a6ed-47c8-be1f-9723f4ac924f,Interactive Drill Down Superstore Overview,https://public.tableau.com/app/profile/juliet.craig/viz/InteractiveDrillDownSuperstoreOverview/OverviewDashboard,Juliet Craig,screenshots/27052e58-a6ed-47c8-be1f-9723f4ac924f.png,2026-03-21 18:44:09.923146+00,6
277025b1-fcda-48b6-9891-d1ae09dac5d9,Beginner Dashboard (Superstore Dataset),https://public.tableau.com/app/profile/samantha.cohn/viz/BeginnerDashboardSuperstoreDataset/Dashboard1,Sam Cohn,screenshots/277025b1-fcda-48b6-9891-d1ae09dac5d9.png,2026-03-21 19:21:18.530645+00,13
2774fecb-0401-4f7a-b97f-509c77cdf074,Sample Superstore RFM Customer Segmentation,https://public.tableau.com/app/profile/andrew.bruening/viz/SampleSuperstoreRFMCustomerSegmentation/CentralDB,Andrew Bruening,screenshots/2774fecb-0401-4f7a-b97f-509c77cdf074.png,2026-04-08 20:13:16.634969+00,33
2ad321ba-fe21-4318-a090-85314c17d3ca,Superstore Sankey Funnel,https://public.tableau.com/app/profile/a.m.5517/viz/SuperstoreSankeyFunnel/Dashboard2,Alexander Mou,screenshots/2ad321ba-fe21-4318-a090-85314c17d3ca.png,2026-03-21 18:47:55.770039+00,41
2cd48156-9569-4349-b1cf-90c4d8d23a6e,Superstore Order Details | KPI's and Selection Filters,https://public.tableau.com/app/profile/naresh.suglani/viz/SuperstoreOrderDetailsKPIsandSelectionFilters/OrderDetails,Naresh Suglani,screenshots/2cd48156-9569-4349-b1cf-90c4d8d23a6e.png,2026-03-21 18:48:08.540802+00,20
2de96f0b-38cb-42a0-b339-4e70414a48d6,Superstore Overview Dashboard,https://public.tableau.com/app/profile/yash.sakhuja/viz/SuperstoreOverviewDashboard_16370491438310/SuperstoreOverviewDashboard,Yash Sakhuja,screenshots/2de96f0b-38cb-42a0-b339-4e70414a48d6.png,2026-03-21 18:53:02.902907+00,18
2ef390dc-8d4f-4e62-b4cf-4280209fc423,#SUPERSTORE ORDER TRACKING APPLICATION,https://public.tableau.com/app/profile/avinashreddymunnangi/viz/SUPERSTOREORDERTRACKINGAPPLICATION/Main,Avinash Reddy Munnangi,screenshots/2ef390dc-8d4f-4e62-b4cf-4280209fc423.png,2026-03-21 18:40:21.607358+00,80
2f4c9c76-a484-4a11-8db6-a1dbef8673e5,#SELFViz Explore Superstore Data,https://public.tableau.com/app/profile/naufal.nashif.imanuddin/viz/SELFVizExploreSuperstoreData/Overview,Naufal Nashif.,screenshots/2f4c9c76-a484-4a11-8db6-a1dbef8673e5.png,2026-04-08 20:18:36.922067+00,36
2fe9bc1d-9d8b-46a2-a1a6-b00084073262,Superstore Dashboard,https://public.tableau.com/app/profile/hijazkhan/viz/SuperstoreDashboard_17518812552100/SuperstoreDashboard,Hijaz Khan,screenshots/2fe9bc1d-9d8b-46a2-a1a6-b00084073262.png,2026-03-21 18:24:16.259585+00,32
3018eee6-3b2b-41a3-9b0a-1434648242e6,Sample Superstore Dashboard,https://public.tableau.com/app/profile/tausif.kazi/viz/SampleSuperstoreDashboard_16228097341240/RetailKPIScorecard,Tausif Kazi,screenshots/3018eee6-3b2b-41a3-9b0a-1434648242e6.png,2026-04-08 20:12:23.716653+00,19
30b5b843-2231-4a9a-afbd-bc60b3ac094d,Superstore Detail Table (Pagination),https://public.tableau.com/app/profile/tristan.schouten/viz/SuperstoreDetailTable/SuperStoreDetailTable,Tristan Schouten,screenshots/30b5b843-2231-4a9a-afbd-bc60b3ac094d.png,2026-03-21 19:22:02.856002+00,32
325b0649-3f93-488d-bf07-1db6a301945c,Superstore Sales Dashboard,https://public.tableau.com/app/profile/myles.stevenson/viz/SuperstoreSalesDashboard_17042161927340/SalesDashboard,Myles Stevenson,screenshots/325b0649-3f93-488d-bf07-1db6a301945c.png,2026-04-08 20:02:16.303293+00,144
32bfa2b7-4c5d-4060-9d0c-71f5a60ad6af,Superstore Sales Insights 2018,https://public.tableau.com/app/profile/solomon1589/viz/SuperstoreSalesInsights2018/SuperstoreSalesInsights,Solomon Christy,screenshots/32bfa2b7-4c5d-4060-9d0c-71f5a60ad6af.png,2026-02-05 10:11:15.033319+00,45
34329e1b-771f-4fe2-8b71-a5c5457809fb,EU Superstore,https://public.tableau.com/app/profile/natasha.stephenson/viz/EUSuperstore_16264399874870/overview2,Natasha Stephenson,screenshots/34329e1b-771f-4fe2-8b71-a5c5457809fb.png,2026-03-21 18:43:05.268678+00,69
351ad4e8-bf4e-4e9a-bb13-8d194c0d1644,Superstore Sales Dashboard Wrapped(2025) #VOTD,https://public.tableau.com/app/profile/israel.ayo/viz/SuperstoreSalesDashboardWrapped2025/ONEDATASET,Israel Ayoola,screenshots/351ad4e8-bf4e-4e9a-bb13-8d194c0d1644.png,2026-02-05 10:12:31.230301+00,35
3594e45b-d909-4ac4-b853-ca94419ab6a1,Mobile Dashboard: Superstore Analysis,https://public.tableau.com/app/profile/priyanka.dobhal0993/viz/MobileDashboardSuperstoreAnalysis/MobileOverview,Priyanka Dobhal,screenshots/3594e45b-d909-4ac4-b853-ca94419ab6a1.png,2026-03-21 19:12:25.563776+00,7
365b9e04-e3b5-455c-9711-7ba19c562c75,Business Dashboard - Sample Superstore Data ('19-'20),https://public.tableau.com/app/profile/lorelaferhati/viz/BusinessDashboard-SampleSuperstoreData19-20/D1,Lorela Ferhati,screenshots/365b9e04-e3b5-455c-9711-7ba19c562c75.png,2026-03-21 19:11:08.682301+00,46
36a253f5-aa53-4ce4-a2ba-c2bd6173748a,Superstore Dashboard - Design from Priya Padham,https://public.tableau.com/app/profile/joseph.gbonjubola/viz/SuperstoreDashboard-DesignfromPriyaPadham/SuperstoreDashboard,Joseph Gbonjubola,screenshots/36a253f5-aa53-4ce4-a2ba-c2bd6173748a.png,2026-03-21 18:51:30.279784+00,19
384020da-48ad-4f77-b26d-ca99070dd6c1,Superstore Sales Dashboard,https://public.tableau.com/app/profile/kelechi.uzoukwu/viz/superstore_16584224668910/Dashboard12,Kelechi Uzoukwu,screenshots/384020da-48ad-4f77-b26d-ca99070dd6c1.png,2026-02-05 10:11:28.371221+00,25
38e2096d-a953-413b-9bf6-05f37c894f8a,Superstore Dashboard,https://public.tableau.com/app/profile/harshit.gupta6851/viz/SuperstoreDashboard_16729361336690/ProfitsDashboard,Harshit Gupta,screenshots/38e2096d-a953-413b-9bf6-05f37c894f8a.png,2026-03-21 18:42:19.904222+00,11
3903b35e-4bc9-48b4-9037-0289f8ec162d,10.0 Superstore Sales,https://public.tableau.com/app/profile/technical.product.marketing/viz/10_0SuperstoreSales/Overview,Technical Product Marketing,screenshots/3903b35e-4bc9-48b4-9037-0289f8ec162d.png,2026-02-05 10:08:46.451976+00,7
3941d386-97f1-429f-82a0-67a23584fa40,Superstore KPI Design,https://public.tableau.com/app/profile/andy.kriebel/viz/SuperstoreDesign/KPIDashboard,Andy Kriebel,screenshots/3941d386-97f1-429f-82a0-67a23584fa40.png,2026-03-21 18:31:34.26121+00,158
3a2d6971-8a12-47ce-9500-577772adbfbd,Superstore,https://public.tableau.com/app/profile/bill.yost/viz/Superstore_16608627912950/StateOrdersSub-categories,Bill Yost,screenshots/3a2d6971-8a12-47ce-9500-577772adbfbd.png,2026-03-21 19:02:24.501323+00,8
3cc1c64d-dd9c-48ea-a2ec-757ca976e1fc,Superstore Sales Overview,https://public.tableau.com/app/profile/tannishtha.das/viz/SuperstoreSalesOverview_15980711406100/SalesOverview,Tannishtha Das,screenshots/3cc1c64d-dd9c-48ea-a2ec-757ca976e1fc.png,2026-03-21 19:01:13.644925+00,8
3d5f5f50-2111-4ea9-bea5-fd0cacd9dd29,Superstore Performance with Date Range Selector,https://public.tableau.com/app/profile/andy.kriebel/viz/SuperstorePerformancewithDateRangeSelector/KPIs,Andy Kriebel,screenshots/3d5f5f50-2111-4ea9-bea5-fd0cacd9dd29.png,2026-03-21 19:00:19.216177+00,42
3de1a247-98df-43a9-966d-af74b2354dde,SuperStore STAT 5602 Week 1,https://public.tableau.com/app/profile/lindsay.betzendahl/viz/STAT5602Week1/FinalDashboard,Lindsay Betzendahl,screenshots/3de1a247-98df-43a9-966d-af74b2354dde.png,2026-04-08 20:02:02.31451+00,87
3ee6a20a-5db5-4676-b587-49f3b0730dbb,Superstore_Dashboards,https://public.tableau.com/app/profile/r.krishnakumar/viz/Superstore_Dashboards/Overview,R Krishnakumar,screenshots/3ee6a20a-5db5-4676-b587-49f3b0730dbb.png,2026-03-21 18:41:27.148025+00,370
3f3753fc-803d-4ab5-9280-3c614ac00562,Super Sample Superstore,https://public.tableau.com/app/profile/playfair.data/viz/SuperSampleSuperstore_16026248995250/SuperDescriptive,Playfair Data,screenshots/3f3753fc-803d-4ab5-9280-3c614ac00562.png,2026-03-21 19:20:24.325443+00,8
3ff34481-8262-4a0f-babb-e499e6e67b3a,Superstore Sales & Profits,https://public.tableau.com/app/profile/justindavis/viz/SuperstoreSalesProfits_16009810832960/SuperstoreSalesProfits,Justin Davis,screenshots/3ff34481-8262-4a0f-babb-e499e6e67b3a.png,2026-02-05 10:08:06.223979+00,62
4103b24a-7707-4594-a56f-f4bc52cc5e96,Superstore Dashboard,https://public.tableau.com/app/profile/gbolahan.adebayo/viz/SuperstoreDashboard_17204221659740/Dashboard3,Gbóláhàn Adébáyò,screenshots/4103b24a-7707-4594-a56f-f4bc52cc5e96.png,2026-03-21 18:54:42.25501+00,16
415f9d0f-09aa-49f9-9863-003e29fadd63,01 Superstore Finance Dashboard,https://public.tableau.com/app/profile/ashish.singh3764/viz/01SuperstoreFinanceDashboard/FinanceOverview,Ashish Singh,screenshots/415f9d0f-09aa-49f9-9863-003e29fadd63.png,2026-03-21 19:26:27.277789+00,12
41aedfbb-480b-4a86-98bf-7c70541b3353,Custom Treemap Superstore Sales,https://public.tableau.com/app/profile/klaus.schulte/viz/CustomTreemapSuperstoreSales/CustomTreemap,Klaus Schulte,screenshots/41aedfbb-480b-4a86-98bf-7c70541b3353.png,2026-02-05 10:10:23.433617+00,39
41b8aa12-dc42-4717-823e-ff0b4ef7f823,Sample Superstore - Sales Performance,https://public.tableau.com/app/profile/okoampah.philip.kwaning/viz/SampleSuperstore-SalesPerformance_15943151568060/SampleSuperstoreSales,Philip Okoampah Kwaning,screenshots/41b8aa12-dc42-4717-823e-ff0b4ef7f823.png,2026-02-05 10:09:56.701522+00,42
42114fbf-2a9b-4948-989b-92c7ce9af48b,Sample Superstore Sales Dashboard,https://public.tableau.com/app/profile/pavani5031/viz/SampleSuperstoreSalesDashboard/SalesDashboard,Pavani Donepudi,screenshots/42114fbf-2a9b-4948-989b-92c7ce9af48b.png,2026-02-05 10:14:20.325476+00,7
4233d676-2a42-4b4d-98c8-04dac749cda0,Superstore Sales Dashboard,https://public.tableau.com/app/profile/elly.lin/viz/SuperstoreSalesDashboard_16011329412720/Overview,Elly Lin,screenshots/4233d676-2a42-4b4d-98c8-04dac749cda0.png,2026-02-05 10:14:45.671468+00,15
425d6d5a-3174-4af2-84f6-0efc88f2c3b2,Superstore,https://public.tableau.com/app/profile/shin.le1940/viz/Superstore_17455418407990/TimeSeriesTrendForecasting,Shin Le,screenshots/425d6d5a-3174-4af2-84f6-0efc88f2c3b2.png,2026-03-21 19:11:59.719859+00,123
447bde8b-6886-414a-896b-b6e57bbca836,SuperStore Business Dashboard 2025 | VOTD,https://public.tableau.com/app/profile/dmitry.shirikov/viz/SuperStoreBusinessDashboard2025/Dashboard,Dmitry Shirikov,screenshots/447bde8b-6886-414a-896b-b6e57bbca836.png,2026-03-21 18:36:21.268233+00,519
4490fefa-8b15-42db-b3fc-9e80d9dc0323,Superstore Metric Analysis,https://public.tableau.com/app/profile/adrian.zinovei/viz/SuperstoreMetricAnalysis_17403598546510/VISUAL,Adrian Zinovei,screenshots/4490fefa-8b15-42db-b3fc-9e80d9dc0323.png,2026-03-21 18:23:36.108793+00,260
44e00d43-61ee-4b04-bf1a-6d1e5bb5cdb7,Superstore KPI Dashboard,https://public.tableau.com/app/profile/kelvin.lam6956/viz/superstoreKPIdashboard_16481152029410/SuperstoreKPIDashboard,Chee Hong Lam,screenshots/44e00d43-61ee-4b04-bf1a-6d1e5bb5cdb7.png,2026-03-21 19:09:14.292567+00,45
44e1242e-dd67-42ec-96d3-1deb7ecc106e,RWC Superstore,https://public.tableau.com/app/profile/russcantrell/viz/RWCSuperstore/Dashboard,Russ Cantrell,screenshots/44e1242e-dd67-42ec-96d3-1deb7ecc106e.png,2026-03-21 19:23:22.085781+00,36
4572c9f5-c78e-4f5e-9caa-6adb26605b45,Superstore Performance Overview,https://public.tableau.com/app/profile/liusaidh.owen/viz/SuperstorePerformanceOverview_16996237935170/OverviewDashboard,Liusaidh Owen,screenshots/4572c9f5-c78e-4f5e-9caa-6adb26605b45.png,2026-03-21 18:38:52.874109+00,120
45748151-ed46-4b86-8a3c-0312b3d59c6b,Superstore - Sales Analysis Dashboard,https://public.tableau.com/app/profile/juanmtza92/viz/SuperStore-SalesAnalysis/Overview,Juan Angel Martínez Arzola,screenshots/45748151-ed46-4b86-8a3c-0312b3d59c6b.png,2026-02-05 10:17:57.672834+00,12
46068bcf-b0be-4d9f-a44d-6153f6d8b364,Superstore - Profit Performance Dashboard,https://public.tableau.com/app/profile/shangruff/viz/Superstore-ProfitPerformanceDashboard/Overview,Shangruff Raina,screenshots/46068bcf-b0be-4d9f-a44d-6153f6d8b364.png,2026-04-08 19:59:20.920788+00,164
46457fee-1835-4530-a7f6-8e0b3761c67a,Superstore Sales Insights,https://public.tableau.com/app/profile/wang.dong8720/viz/SuperstoreSalesInsights_1/Insights,wang dong,screenshots/46457fee-1835-4530-a7f6-8e0b3761c67a.png,2026-02-05 10:14:59.289908+00,6
4700e244-e02f-4165-a995-121c0f85b719,My Take On US Superstore Dashboard,https://public.tableau.com/app/profile/anshusaket/viz/MyTakeOnUSSuperstoreDashboard/SuperstoreDashboard,Anshu Saket,screenshots/4700e244-e02f-4165-a995-121c0f85b719.png,2026-03-21 18:45:00.519846+00,8
47d1ecae-fb64-4c42-a1b0-ce860cfa8761,SuperStore Financial Insights,https://public.tableau.com/app/profile/sebastine/viz/SuperStoreFinancialInsights/ExecOverview,Sebastine Amede,screenshots/47d1ecae-fb64-4c42-a1b0-ce860cfa8761.png,2026-03-21 18:37:06.16989+00,101
4868b479-3d69-4654-9a0a-1291c46405f0,Superstore Sales Analysis,https://public.tableau.com/app/profile/charu.kesarwani3927/viz/SuperstoreSalesAnalysis_16885792990290/SuperstoreSalesAnalysis,charu kesarwani,screenshots/4868b479-3d69-4654-9a0a-1291c46405f0.png,2026-02-05 10:10:09.496168+00,16
49a6a02a-8e16-4159-a6a8-d5c8899616e5,Sample-Superstore Dashboard,https://public.tableau.com/app/profile/tyler.cannon/viz/Sample-SuperstoreDashboard/SampleSuperstore,Tyler Cannon,screenshots/49a6a02a-8e16-4159-a6a8-d5c8899616e5.png,2026-03-21 18:52:48.901925+00,14
49f4108b-7217-4d93-8443-03c1077cce8e,Superstore Redesign,https://public.tableau.com/app/profile/roman4734/viz/SuperstoreRedesign/Customers,Roman Bunin,screenshots/49f4108b-7217-4d93-8443-03c1077cce8e.png,2026-03-21 18:38:12.669436+00,114
4ab93cb0-1364-4e41-8da6-2effb2d2c057,Superstore Sales Table.,https://public.tableau.com/app/profile/michael7697/viz/SuperstoreSalesTable_/Dashboard1,Michael Fajemilehin,screenshots/4ab93cb0-1364-4e41-8da6-2effb2d2c057.png,2026-02-05 10:15:25.56978+00,9
4af063b3-aebe-4911-ac54-23924d75cbac,Superstore Small Multiple,https://public.tableau.com/app/profile/yvette/viz/SuperstoreSmallMultiple_0/SuperstoreProfitRatiobyCategory,IvettAlexa,screenshots/4af063b3-aebe-4911-ac54-23924d75cbac.png,2026-03-21 18:55:53.704887+00,51
4bb10b2d-b349-4ce5-b9c3-f6fdd27af71c,Superstore,https://public.tableau.com/app/profile/joshua.johnston8664/viz/Superstore_15826474728090/Superstore,Joshua Johnston,screenshots/4bb10b2d-b349-4ce5-b9c3-f6fdd27af71c.png,2026-03-21 19:26:13.411186+00,12
4bf7af57-01a7-4c94-b734-d0ff93b4b504,Superstore Sales Distribution Dashboard,https://public.tableau.com/app/profile/tam.s.varga/viz/SuperstoreSalesDistributionDashboard/SuperstoreSalesFlows,Tamás Varga,screenshots/4bf7af57-01a7-4c94-b734-d0ff93b4b504.png,2026-02-05 10:07:26.907145+00,130
4c3cf82e-88af-4da7-8243-f13620a812ab,Superstore Yearly Review,https://public.tableau.com/app/profile/ali.agah/viz/SuperstoreDashboard_16884625428100/SuperstoreYearlyReview,Ali Agah,screenshots/4c3cf82e-88af-4da7-8243-f13620a812ab.png,2026-03-21 19:13:30.426145+00,36
4c9e8ffe-87a7-4bf5-8746-e44113583a59,SuperStore,https://public.tableau.com/app/profile/khushboo.shaw/viz/SuperStore_15814509084670/Dashboard1,Khushboo Shaw,screenshots/4c9e8ffe-87a7-4bf5-8746-e44113583a59.png,2026-03-21 18:29:44.347559+00,15
4d1d5476-9b11-4e28-91d8-57e4fb20800b,Superstore's Super Sankey,https://public.tableau.com/app/profile/balders93/viz/SuperstoresSuperSankey/Dashboard1,Ian Baldwin,screenshots/4d1d5476-9b11-4e28-91d8-57e4fb20800b.png,2026-03-21 18:28:00.970904+00,36
4d8677c0-3460-4bf2-950c-7b1360dcf8b6,Superstore,https://public.tableau.com/app/profile/technical.product.marketing/viz/Superstore_24/Overview,Technical Product Marketing,screenshots/4d8677c0-3460-4bf2-950c-7b1360dcf8b6.png,2026-04-08 19:58:20.093977+00,46
4ea85845-b4c8-48be-913b-50ef9636fc6a,Superstore Cockpit,https://public.tableau.com/app/profile/kizley.benedict/viz/SuperstoreCockpit/Cockpit,Kizley Benedict,screenshots/4ea85845-b4c8-48be-913b-50ef9636fc6a.png,2026-04-08 19:58:34.310059+00,396
4f4b551b-375a-4254-a013-76fe9527e6ed,Modern Dashboard Superstore,https://public.tableau.com/app/profile/irene7753/viz/ModernDashboardSuperstore/SuperstoreModernDashboard,Irene Diomi,screenshots/4f4b551b-375a-4254-a013-76fe9527e6ed.png,2026-03-21 18:49:00.492446+00,58
50264896-d606-4aea-a0d5-39ea615dacaf,Supermarket Presentation #superstore,https://public.tableau.com/app/profile/tianci.liu/viz/Supermarket-PresentationTianciLiu--updated/DashboardPresentation27_11_20213,Tianci Liu,screenshots/50264896-d606-4aea-a0d5-39ea615dacaf.png,2026-04-08 20:24:56.427239+00,12
5269a62b-3da5-4e2f-b12a-934b40c40b4c,Superstore Dashboard,https://public.tableau.com/app/profile/jodugg3205/viz/SuperstoreDashboard_14/SSDashboard,Jon Dugger,screenshots/5269a62b-3da5-4e2f-b12a-934b40c40b4c.png,2026-03-21 18:52:21.558585+00,14
52c77641-e8d4-490e-a1f5-24dc72d41fdd,Superstore Overview,https://public.tableau.com/app/profile/guenier/viz/SuperstoreOverview_16505383579990/SuperstoreOverview,Leo Guenier,screenshots/52c77641-e8d4-490e-a1f5-24dc72d41fdd.png,2026-03-21 19:06:35.663696+00,8
52d261de-2b94-40fa-b022-81937a620dca,Superstore Dashboard,https://public.tableau.com/app/profile/kia1353/viz/SuperstoreDashboard_39/SSDashboard,Kia,screenshots/52d261de-2b94-40fa-b022-81937a620dca.png,2026-03-21 19:00:46.296084+00,77
557d8416-1bee-4c43-a161-9916b210aeb1,SuperStore Dashboard,https://public.tableau.com/app/profile/priyanka.dobhal0993/viz/SuperStoreDashboard_16217901758960/Overview,Priyanka Dobhal,screenshots/557d8416-1bee-4c43-a161-9916b210aeb1.png,2026-04-08 20:15:57.507998+00,19
574356ca-da0e-4543-9c61-889771b170cd,Bauhaus Sample Superstore,https://public.tableau.com/app/profile/ladataviz/viz/BauhausSampleSuperstore/BauhausSampleSuperstore,Tristan Guillevin,screenshots/574356ca-da0e-4543-9c61-889771b170cd.png,2026-04-08 20:19:59.449126+00,27
57eb3cd7-5b9b-494e-bfae-a4f3e7cba0a2,Analyze Superstore,https://public.tableau.com/app/profile/mirandali/viz/AnalyzeSuperstore/Overview,Miranda Li,screenshots/57eb3cd7-5b9b-494e-bfae-a4f3e7cba0a2.png,2026-03-21 18:56:46.292246+00,11
5b458db6-b609-49d2-8d25-4ae7f3f471b8,Superstore Overview Dashboard,https://public.tableau.com/app/profile/alfred.chan8757/viz/SuperstoreOverviewDashboard_16978089170500/SuperstoreOverviewDashboard,Alfred Chan,screenshots/5b458db6-b609-49d2-8d25-4ae7f3f471b8.png,2026-03-21 18:22:43.172371+00,386
5cad03c2-5b5f-4018-89c5-63b6e51714a3,Superstore DailySales Tracker,https://public.tableau.com/app/profile/israel.ayo/viz/SuperstoreDailySalesTracker/Dashboard,Israel Ayoola,screenshots/5cad03c2-5b5f-4018-89c5-63b6e51714a3.png,2026-03-21 19:09:40.840552+00,30
5cf1c654-7e3e-4bbe-8254-bdcb1aa69d3c,#Superstore Sales Summary,https://public.tableau.com/app/profile/ankit.soni4049/viz/SuperstoreSalesSummary_16148932005740/SalesSummary,Ankit Soni,screenshots/5cf1c654-7e3e-4bbe-8254-bdcb1aa69d3c.png,2026-03-21 19:05:13.544962+00,33
5e6d9deb-9646-4e5c-872a-267b09987764,Superstore,https://public.tableau.com/app/profile/ajay6798/viz/Superstore_1280/Sheet21,Ajay,screenshots/5e6d9deb-9646-4e5c-872a-267b09987764.png,2026-03-21 19:18:18.863858+00,18
604668c2-0f6e-4039-80ce-7c6ffb6ad86c,Sample Superstore - Sales Performance,https://public.tableau.com/app/profile/bsdinsight/viz/SampleSuperstore-SalesPerformance_15924219607010/viz_,BSD,screenshots/604668c2-0f6e-4039-80ce-7c6ffb6ad86c.png,2026-02-05 10:16:09.968896+00,5
6270f5e3-9892-40ee-9590-c00c810892bb,SuperStore Radial Mapping,https://public.tableau.com/app/profile/rody.zakovich/viz/SuperStoreRadialMapping/RadialMapping,Rody Zakovich,screenshots/6270f5e3-9892-40ee-9590-c00c810892bb.png,2026-03-21 19:17:37.73304+00,12
62b6d5a8-8c45-4fdc-815e-b50762cb4948,Tableau Superstore RFM Analysis,https://public.tableau.com/app/profile/joaocorreia/viz/TableauSuperstoreRFMAnalysis_0/TableauSuperstoreRFMAnalysis,Joao Correia,screenshots/62b6d5a8-8c45-4fdc-815e-b50762cb4948.png,2026-03-21 18:26:18.82564+00,73
62e32dba-8e7a-4fe3-9f86-11d773364735,Superstore Mobile 2025,https://public.tableau.com/app/profile/adrian.zinovei/viz/SuperstoreMobile2025/MobileSuperstore2025,Adrian Zinovei,screenshots/62e32dba-8e7a-4fe3-9f86-11d773364735.png,2026-04-08 20:01:03.527337+00,134
6370082c-6f18-4631-9a1f-940e188cf2cc,SuperStore Dashboard - 2019 Sales & Profitability,https://public.tableau.com/app/profile/linh.pham3921/viz/SuperStoreDashboard-2019SalesProfitability/FinalSalesDashboard,Linh Pham,screenshots/6370082c-6f18-4631-9a1f-940e188cf2cc.png,2026-03-21 18:49:13.357772+00,22
64aae1bc-c984-4574-9e08-1f2301fa4bb1,Superstore Performance | Summary,https://public.tableau.com/app/profile/joti.gautam/viz/SuperstorePerformanceSummary_16735125901300/Dashboard1,Joti Gautam,screenshots/64aae1bc-c984-4574-9e08-1f2301fa4bb1.png,2026-04-08 20:01:16.897712+00,98
6841343c-aa2c-4166-ab3e-1bc3176b2e52,superstore map,https://public.tableau.com/app/profile/merlijn.buit/viz/superstoremap/map,Merlijn Buit,screenshots/6841343c-aa2c-4166-ab3e-1bc3176b2e52.png,2026-03-21 19:09:27.730105+00,5
689e174e-ecdb-4222-89db-c1941661b9e9,Superstore Dashboard Build,https://public.tableau.com/app/profile/anthony.smoak/viz/SuperstoreDashboardBuild/Dashboard1,Anthony B. Smoak,screenshots/689e174e-ecdb-4222-89db-c1941661b9e9.png,2026-04-08 20:02:43.027864+00,47
69cc180e-7000-4c52-a837-34e286c96583,Sample Superstore Dashboard,https://public.tableau.com/app/profile/tobiloba.babajide/viz/SampleSuperstoreDashboard_17470960865060/HomePage,Tobiloba Babajide,screenshots/69cc180e-7000-4c52-a837-34e286c96583.png,2026-03-21 18:39:05.72527+00,75
6c1ac1b5-8182-4657-9f28-885e07324a56,Superstore Dashboard - Viz Extensions Edition | VOTD,https://public.tableau.com/app/profile/pradeepkumar.g/viz/SuperstoreDashboard-VizExtensionsEdition/viz,Pradeep Kumar G,screenshots/6c1ac1b5-8182-4657-9f28-885e07324a56.png,2026-03-21 18:53:29.010379+00,8
6de19d21-27ed-44b3-8102-4d03343b35a5,Superstore Sales KPI Dashboard,https://public.tableau.com/app/profile/jacqui.moore/viz/SuperstoreSalesKPIDashboard_15791904005260/SuperstoreSalesKPIDashboard,Jacqui Moore,screenshots/6de19d21-27ed-44b3-8102-4d03343b35a5.png,2026-02-05 10:08:33.251388+00,58
708d028c-8c7d-4d0b-acf4-a5238d51c645,Sample Superstore | Tableau Pulse Edition | VOTD,https://public.tableau.com/app/profile/pradeepkumar.g/viz/SampleSuperstoreTableauPulseEdition/Metrics,Pradeep Kumar G,screenshots/708d028c-8c7d-4d0b-acf4-a5238d51c645.png,2026-04-08 19:17:27.668511+00,520
724d6225-8dc0-4f74-bd08-1a28c412859f,SuperStore Sales Dashboard,https://public.tableau.com/app/profile/trong.nguyen4774/viz/SuperStoreSalesDashboard_16829945762040/Dashboard1,Trong Nguyen,screenshots/724d6225-8dc0-4f74-bd08-1a28c412859f.png,2026-03-21 18:56:33.174892+00,42
750cc702-45cb-4ba7-b93a-fe552ae9e12e,Superstore Mobile,https://public.tableau.com/app/profile/kizley.benedict/viz/SuperstoreMobile_15872401533360/Detail,Kizley Benedict,screenshots/750cc702-45cb-4ba7-b93a-fe552ae9e12e.png,2026-03-21 18:24:28.921298+00,179
7a1d782b-394c-41c3-b9dc-b5327f6a7d13,Sample Superstore CLV Dashboard,https://public.tableau.com/app/profile/suemin.jung/viz/SampleSuperstoreCLVDashboard/SampleSuperstore-CLVdashboard,Suemin Jung,screenshots/7a1d782b-394c-41c3-b9dc-b5327f6a7d13.png,2026-03-21 18:52:08.454115+00,13
7a96d959-2f77-42bb-ab1a-cb937bd878d8,Sample Superstore,https://public.tableau.com/app/profile/tessellation/viz/SampleSuperstore_59/SuperstoreUnprofitability,Data Coach,screenshots/7a96d959-2f77-42bb-ab1a-cb937bd878d8.png,2026-03-21 18:59:52.135305+00,17
7ca53b3d-07f0-4cfc-a60c-8a23e6964149,Sample Superstore_ Market Basket Analysis,https://public.tableau.com/app/profile/shaistha.ali.khan/viz/MBA_15792456315410/SampleSuperstore_MarketBasketAnalysis,Shaistha Ali Khan,screenshots/7ca53b3d-07f0-4cfc-a60c-8a23e6964149.png,2026-03-21 18:56:19.809229+00,22
7dfbfec8-a94c-4684-99a2-338377509018,Superstore Analytics,https://public.tableau.com/app/profile/jarod.vierstra/viz/SuperstoreAnalytics_6/SuperstoreAnalytics,Jarod Vierstra,screenshots/7dfbfec8-a94c-4684-99a2-338377509018.png,2026-04-08 20:23:31.092086+00,36
7eb8449c-e9ae-409e-a16b-39f5b82a36da,#VizConnect - Superstore KPI Dashboard,https://public.tableau.com/app/profile/brian.moore7221/viz/VizConnect-SuperstoreKPIDashboard/ExecutiveKPIDashboard,Brian Moore,screenshots/7eb8449c-e9ae-409e-a16b-39f5b82a36da.png,2026-03-21 18:50:18.906907+00,19
7fb0fa94-8d82-455a-8df1-c40b39766bfc,Superstore Performance Overview,https://public.tableau.com/app/profile/dmitry.shirikov/viz/Superstoresalesdata2/Dash,Dmitry Shirikov,screenshots/7fb0fa94-8d82-455a-8df1-c40b39766bfc.png,2026-03-21 18:24:55.796116+00,355
7fd74c8d-b8d3-4c55-90b7-d15d0e4a608d,Tableau SuperStore Business Dashboard 2024,https://public.tableau.com/app/profile/adrian.zinovei/viz/TableauSuperStoreBusinessDashboard2024/Summary,Adrian Zinovei,screenshots/7fd74c8d-b8d3-4c55-90b7-d15d0e4a608d.png,2026-03-21 18:30:10.849974+00,153
8040a121-e403-4381-bcfd-8d32fb05c5b4,Superstore Sales Overview Dashboard,https://public.tableau.com/app/profile/serena.purslow/viz/SuperstoreSalesOverviewDashboard_16817475061410/ExecOverview,Serena Purslow,screenshots/8040a121-e403-4381-bcfd-8d32fb05c5b4.png,2026-02-05 10:05:28.729161+00,737
807849f4-6c11-46db-b0a5-68298ebf6a77,Superstore Rolling Employee Retention,https://public.tableau.com/app/profile/jack.hineman/viz/SuperstoreRollingEmployeeRetention/EmployeeRetention,Jack Hineman,screenshots/807849f4-6c11-46db-b0a5-68298ebf6a77.png,2026-03-21 18:40:08.476569+00,10
818d37ba-9a1c-445c-92fc-f305c053973a,Superstore Sales,https://public.tableau.com/app/profile/ibinabo.bestmann/viz/SuperstoreSalesDashboard_16148953507820/Dashboard1,Ibinabo Bestmann,screenshots/818d37ba-9a1c-445c-92fc-f305c053973a.png,2026-03-21 19:25:59.505398+00,25
820e9bd3-d2ee-4213-9731-15efdc103dce,SUPERSTORE SALES DASHBOARD | DARK,https://public.tableau.com/app/profile/saveriorocchetti/viz/SUPERSTORESALESDASHBOARDDARK/OVERVIEW,Saverio Rocchetti,screenshots/820e9bd3-d2ee-4213-9731-15efdc103dce.png,2026-04-08 20:25:10.006838+00,11
8244b43e-5d79-4351-89a0-071650fdcdeb,Superstore_embedded_800x800,https://public.tableau.com/app/profile/dave.hagen/viz/Superstore_embedded_800x800/Overview,Dave Hagen,screenshots/8244b43e-5d79-4351-89a0-071650fdcdeb.png,2026-03-21 18:46:19.318195+00,76
82ec1d7b-8b06-423e-8554-1b9f3992c6f3,Superstore Sales Dashboard(REDesign),https://public.tableau.com/app/profile/israel.ayo/viz/SuperstoreSalesDashboardREDesign/OverallOutlook,Israel Ayoola,screenshots/82ec1d7b-8b06-423e-8554-1b9f3992c6f3.png,2026-02-05 10:12:56.549414+00,15
8372744c-75a8-40a5-bb5d-d8dbdf3a5576,Building Charts with Superstore,https://public.tableau.com/app/profile/serena.purslow/viz/BuildingChartswithSuperstore/CHARTCHOICE,Serena Purslow,screenshots/8372744c-75a8-40a5-bb5d-d8dbdf3a5576.png,2026-03-21 19:22:55.279921+00,18
840162a9-c2a2-45c2-bf68-7be340422698,Superstore dashboard,https://public.tableau.com/app/profile/data.driven.consulting/viz/Superstoredashboard/SalesManagerDashboard,Data Driven Consulting,screenshots/840162a9-c2a2-45c2-bf68-7be340422698.png,2026-03-21 19:07:38.767002+00,11
848540c3-e85a-496d-9b11-d1127829fb2f,#B2VB Superstore KPIs,https://public.tableau.com/app/profile/chimdi.nwosu/viz/B2VBSuperstoreKPIs/Dashboard1,Chimdi Nwosu,screenshots/848540c3-e85a-496d-9b11-d1127829fb2f.png,2026-04-08 19:23:39.658912+00,148
8505165e-e142-473e-b222-63443df38f79,Superstore Sales,https://public.tableau.com/app/profile/solomon1589/viz/SuperstoreEUSales/SuperstoreSales,Solomon Christy,screenshots/8505165e-e142-473e-b222-63443df38f79.png,2026-02-05 10:09:44.097286+00,30
886f0008-5adb-47c0-b5eb-01ddfaca025a,Template Business Dashboard | Dark | Superstore,https://public.tableau.com/app/profile/timothy.manning/viz/TemplateBusinessDashboardDarkSuperstore/TotalSalesbySegment,Timothy Manning,screenshots/886f0008-5adb-47c0-b5eb-01ddfaca025a.png,2026-03-21 18:50:05.888914+00,5
8a1e3b08-d300-475c-8b42-0e33421a96ec,Superstore,https://public.tableau.com/app/profile/qintelligence/viz/Superstore_15886818728980/Overview,Qintelligence,screenshots/8a1e3b08-d300-475c-8b42-0e33421a96ec.png,2026-03-21 18:46:33.12819+00,31
8d8d0715-572a-44c1-850d-287d7069ff71,SUPERSTORE DASHBOARD,https://public.tableau.com/app/profile/saveriorocchetti/viz/SUPERSTOREDASHBOARD_16996413200020/OVER,Saverio Rocchetti,screenshots/8d8d0715-572a-44c1-850d-287d7069ff71.png,2026-03-21 18:30:50.016201+00,351
8db8ebf3-692d-42f1-b98b-448ba7ffaca3,Superstore Dashboard,https://public.tableau.com/app/profile/akshay.jadhav15/viz/SuperstoreDashboard_15918136748250/Dashboard,Akshay Jadhav,screenshots/8db8ebf3-692d-42f1-b98b-448ba7ffaca3.png,2026-03-21 19:25:00.284811+00,11
8f86e4ad-f092-4943-b350-295b577f8e1c,Superstore Performance Dashboard || Dynamic KPI Color with Dark-Light Mode,https://public.tableau.com/app/profile/shangruff/viz/SuperstorePerformanceDashboardDynamicKPIColorwithDark-LightMode/Overview-DarkMode,Shangruff Raina,screenshots/8f86e4ad-f092-4943-b350-295b577f8e1c.png,2026-03-21 18:59:14.24677+00,178
918e7c09-7971-4705-ae3d-8b574d1f580e,Superstore Sales Sample Dashboard,https://public.tableau.com/app/profile/pablosdt/viz/SuperstoreSalesSampleDashboard/SuperstoreExecutiveDashboard,Pablo Saenz de Tejada,screenshots/918e7c09-7971-4705-ae3d-8b574d1f580e.png,2026-02-05 10:11:54.050503+00,6
932c11c0-d78c-4651-8bb9-73325937333d,Overview Sample Superstore,https://public.tableau.com/app/profile/vladimir.belikov1587/viz/OverviewSampleSuperstore/Main,Vladimir Belikov,screenshots/932c11c0-d78c-4651-8bb9-73325937333d.png,2026-04-08 20:21:51.790036+00,32
944fcc3d-ea10-495c-aa0e-e8fc510cf7c4,Superstore Performance Overview | #VOTD,https://public.tableau.com/app/profile/louis.phipps/viz/SuperstorePerformanceOverview_17597480977740/Performance,Louis Phipps,screenshots/944fcc3d-ea10-495c-aa0e-e8fc510cf7c4.png,2026-03-21 18:27:36.452105+00,163
94f61687-eb45-4632-9c59-878404ff230b,Superstore Regional Snapshot,https://public.tableau.com/app/profile/akash.sengupta/viz/SuperstoreRegionalSnapshot/SuperstoreRegionalSnapshot,Akash Sengupta,screenshots/94f61687-eb45-4632-9c59-878404ff230b.png,2026-04-08 20:25:22.939791+00,13
951c8640-5747-41e6-aa0b-3091b5d893cc,Superstore Sales Dashboard,https://public.tableau.com/app/profile/kasia.gasiewska.holc/viz/SuperstoreSalesDashboard_16534148636030/SuperstoreSalesDashboard,Kasia Gąsiewska-Holc,screenshots/951c8640-5747-41e6-aa0b-3091b5d893cc.png,2026-02-05 10:05:55.596505+00,264
95fa9d40-2c20-4116-9937-68549fcb8958,Golf Superstore Performance Overview #VOTD,https://public.tableau.com/app/profile/patrick.maguire/viz/GolfSuperstorePerformanceOverview/GolfSuperstorePerformanceOverview,Patrick Maguire,screenshots/95fa9d40-2c20-4116-9937-68549fcb8958.png,2026-03-21 18:21:31.080202+00,396
97a93bdf-138f-411e-9760-375a16b9565e,Superstore Executive Scorecard,https://public.tableau.com/app/profile/alice.mcknight/viz/SuperstoreExcutiveScorecard/01_KPIDashboard,Alice McKnight,screenshots/97a93bdf-138f-411e-9760-375a16b9565e.png,2026-03-21 18:31:47.420999+00,214
9881e844-de6f-45e5-b530-f262fd26012c,Superstore Executive Sales Dashboard #VOTD,https://public.tableau.com/app/profile/israel.ayo/viz/SuperstoreExecutiveSalesDashboard_17579243105110/SSD_Light_m,Israel Ayoola,screenshots/9881e844-de6f-45e5-b530-f262fd26012c.png,2026-03-21 18:47:11.296447+00,6
98cb82c8-2a18-4576-a73d-0f09dfbf2695,Superstore Interactive Sankey Showcase,https://public.tableau.com/app/profile/actinvision/viz/SuperstoreInteractiveSankeyShowcase/Sankey,actinvision,screenshots/98cb82c8-2a18-4576-a73d-0f09dfbf2695.png,2026-03-21 18:37:33.883035+00,65
9a39be24-7a45-4b8a-9fa0-ad4becf934c7,Global Superstore Scorecard,https://public.tableau.com/app/profile/quantum.relic/viz/GlobalSuperstoreScorecard/YoYAnalysis,Vincent Baumel,screenshots/9a39be24-7a45-4b8a-9fa0-ad4becf934c7.png,2026-04-08 20:23:03.56483+00,23
9b43d0a2-2cca-4d99-bf6c-98e87a497a7d,Superstore Performance Dashboard,https://public.tableau.com/app/profile/sadiya.sharif/viz/SuperstorePerformanceDashboard_16386267073870/PerformanceDashboard,Sadiya Sharif,screenshots/9b43d0a2-2cca-4d99-bf6c-98e87a497a7d.png,2026-03-21 18:40:34.840196+00,16
9b8dc002-fa3f-4a6f-a591-b03442fb873d,Superstore Sankey,https://public.tableau.com/app/profile/whitney6892/viz/SuperstoreSankey_15748159516330/SuperSankey,Whitney Wood,screenshots/9b8dc002-fa3f-4a6f-a591-b03442fb873d.png,2026-03-21 19:05:58.109154+00,22
9d09171f-8e46-418c-b889-d2c8fa355d68,Beyond Basic Charts: Sales & Order Insights (Superstore Data),https://public.tableau.com/app/profile/samantha.cohn/viz/BeyondBasicChartsSalesOrderInsightsSuperstoreData/Dashboard1,Sam Cohn,screenshots/9d09171f-8e46-418c-b889-d2c8fa355d68.png,2026-03-21 19:07:00.986555+00,22
9d0b8bc7-98e6-4a5c-84e2-a5bd73ff43a2,superStore Analysis.twb,https://public.tableau.com/app/profile/superstore.analysis.twb/viz/superStoreAnalysis_twb/1_1,superStore Analysis.twb,screenshots/9d0b8bc7-98e6-4a5c-84e2-a5bd73ff43a2.png,2026-03-21 19:18:05.276992+00,23
9d51f23f-bbe6-4b2d-8798-49481056a6e7,Superstore Sales Dashboard,https://public.tableau.com/app/profile/waqar.ahmed.shaikh/viz/SuperstoreSalesDashboard-2_17093268350120/Dashboard1,Waqar Ahmed Shaikh,screenshots/9d51f23f-bbe6-4b2d-8798-49481056a6e7.png,2026-02-05 10:15:12.903771+00,7
9efd84b7-807c-44d8-b907-7cb539dc1448,Superstore - Sales Performance,https://public.tableau.com/app/profile/vignesh.suresh1214/viz/Superstore-SalesPerformance/Dashboard1,Vignesh Suresh,screenshots/9efd84b7-807c-44d8-b907-7cb539dc1448.png,2026-02-05 10:19:52.584649+00,17
9fe138e1-0a7a-46c3-872c-8af932dfb83e,Sample Superstore KPI,https://public.tableau.com/app/profile/.83057946/viz/SampleSuperstoreKPI/KPI,Seoyeon Jun,screenshots/9fe138e1-0a7a-46c3-872c-8af932dfb83e.png,2026-03-21 18:22:16.161153+00,108
a01c1776-b950-4afc-b2c3-60f25443f9d2,Superstore Sales,https://public.tableau.com/app/profile/technical.product.marketing/viz/SuperstoreSales_25/Overview,Technical Product Marketing,screenshots/a01c1776-b950-4afc-b2c3-60f25443f9d2.png,2026-02-05 10:07:39.42962+00,8
a0d22f3a-eadd-43c7-a7e3-f10864034668,Superstore Sales Dashboard,https://public.tableau.com/app/profile/lawer.akrofi/viz/SuperstoreSalesDashboard_16/SuperStore,Lawer Akrofi,screenshots/a0d22f3a-eadd-43c7-a7e3-f10864034668.png,2026-02-05 10:07:14.145264+00,64
a285e04a-0984-44df-b5d3-c8c844e6adf0,Sample Superstore,https://public.tableau.com/app/profile/mazaher.ghorbani/viz/SampleSuperstore_16882440943810/MainKPIs,Mazaher Ghorbani,screenshots/a285e04a-0984-44df-b5d3-c8c844e6adf0.png,2026-04-08 19:13:04.355232+00,231
a2d84dd1-cbfd-4185-b3ff-022c0df9e65b,Superstore_800_600,https://public.tableau.com/app/profile/dave.hagen/viz/Superstore_800_600/CommissionModel,Dave Hagen,screenshots/a2d84dd1-cbfd-4185-b3ff-022c0df9e65b.png,2026-03-21 18:57:12.122242+00,20
a3e6d04a-444c-46d2-8d46-9ee057933a80,SuperStore - Action Filter Indicator,https://public.tableau.com/app/profile/lindsay.betzendahl/viz/SuperStore-ActionFilterIndicator/SuperStoreFilterIndicators,Lindsay Betzendahl,screenshots/a3e6d04a-444c-46d2-8d46-9ee057933a80.png,2026-04-08 20:02:29.301615+00,80
a44efaff-1a73-48f9-a59a-8771a5532712,Superstore Dashboard Overview,https://public.tableau.com/app/profile/cathy.lau/viz/SuperstoreDashboardOverview_17106805977200/SalesOverview,Cathy Lau,screenshots/a44efaff-1a73-48f9-a59a-8771a5532712.png,2026-03-21 19:03:54.303436+00,21
a595b946-ffd8-416f-b8cb-9511eaff35ac,Superstore KPI Dash - In Progress,https://public.tableau.com/app/profile/sadia7899/viz/SuperstoreKPIDash-InProgress/Dashboard2,Sadia Ahmed,screenshots/a595b946-ffd8-416f-b8cb-9511eaff35ac.png,2026-04-08 20:16:56.668796+00,36
a7355f4c-a177-4be4-a753-420abad9cc65,Superstore Sales Breakdown,https://public.tableau.com/app/profile/rising.tides.analytics/viz/SuperstoreSalesBreakdown_16167945631130/RegionalSalesDashboard,Rising Tides Analytics,screenshots/a7355f4c-a177-4be4-a753-420abad9cc65.png,2026-03-21 19:10:22.839723+00,26
a9aa9f6c-d159-41ca-b8ce-8aa3849a4da8,Superstore Regional Analysis,https://public.tableau.com/app/profile/kayla.s/viz/SuperstoreRegionalAnalysis/SuperstoreRegionalAnalysis,Kayla Swain,screenshots/a9aa9f6c-d159-41ca-b8ce-8aa3849a4da8.png,2026-03-21 18:50:31.515546+00,49
a9ddde5e-9a7b-4f70-b15b-883630b9c5ca,Monthy Report - Superstore,https://public.tableau.com/app/profile/scribblr.42/viz/MonthyReport-Superstore/MonthlyReport-Superstore,Ravi Mistry,screenshots/a9ddde5e-9a7b-4f70-b15b-883630b9c5ca.png,2026-03-21 18:56:06.160326+00,47
aa528e4a-ad9d-4f99-8217-8722255e505f,Superstore Dashboard | Light-Dark,https://public.tableau.com/app/profile/ahmed.seyamm1/viz/SuperstoreDashboardLight-Dark/OverviewLight,Ahmed Seyam,screenshots/aa528e4a-ad9d-4f99-8217-8722255e505f.png,2026-03-21 18:22:56.601704+00,633
aa8c2c99-055a-4212-a999-3aeefe2a80e5,Superstore KPI Dashboard,https://public.tableau.com/app/profile/jared8766/viz/SuperstoreKPIDashboard_16096965816570/SuperstorePerformanceDashboard,Jared Flores (Tableau Visionary and Ambassador),screenshots/aa8c2c99-055a-4212-a999-3aeefe2a80e5.png,2026-03-21 18:29:17.22791+00,187
aa95ffcc-e6f4-4869-9784-92bd011b3b79,The same old Superstore,https://public.tableau.com/app/profile/daria5688/viz/5TypesofDashboards_15803417591320/PRODUCTOPERATIONSDASHBOARD,Aria Voron,screenshots/aa95ffcc-e6f4-4869-9784-92bd011b3b79.png,2026-04-08 20:21:25.065419+00,27
abee2e83-6384-4c23-abfd-e5ede8b5a7bf,Superstore Sales Overview,https://public.tableau.com/app/profile/keren.aharon/viz/SuperstoreSalesOverview_16799264991760/Home,Keren Aharon,screenshots/abee2e83-6384-4c23-abfd-e5ede8b5a7bf.png,2026-02-05 10:05:02.726838+00,499
add0bd3d-2955-4f4e-9ada-633862ec5a3d,Superstore Chord,https://public.tableau.com/app/profile/stanke/viz/SuperstoreChord/Chordwthings,Luke Stanke,screenshots/add0bd3d-2955-4f4e-9ada-633862ec5a3d.png,2026-03-21 18:29:31.089184+00,280
aeeb6563-85e7-4b78-9e11-4b825ff7c072,Superstore - Customer Analysis,https://public.tableau.com/app/profile/praveen.d.sa/viz/Superstore-CustomerAnalysis_16379483297660/TopCustomers,Praveen D'sa,screenshots/aeeb6563-85e7-4b78-9e11-4b825ff7c072.png,2026-03-21 19:04:07.568939+00,20
af14b6d0-c226-4277-aa00-23769748326e,Europe SuperStore Summary,https://public.tableau.com/app/profile/manish.khatre/viz/EuropeSuperStoreSummary/FinalDashboard,Manish Khatre,screenshots/af14b6d0-c226-4277-aa00-23769748326e.png,2026-03-21 19:10:07.553727+00,148
af2b1396-adb3-4157-b30c-f3268be9fa0d,Superstore Dashboard,https://public.tableau.com/app/profile/lynda/viz/SuperstoreDashboard_16148894591410/Superstore,Lynda Uzoaku,screenshots/af2b1396-adb3-4157-b30c-f3268be9fa0d.png,2026-03-21 19:00:59.854065+00,16
b050760c-d942-4915-85ad-e83e1e264f48,Superstore Hierarchies,https://public.tableau.com/app/profile/chimdi.nwosu/viz/SuperstoreHierarchies_16492050876310/Dashboard1,Chimdi Nwosu,screenshots/b050760c-d942-4915-85ad-e83e1e264f48.png,2026-03-21 18:26:05.947623+00,149
b11f1079-3b2c-408a-958d-eb0bfe7a7922,SuperStore Sales Dashboard,https://public.tableau.com/app/profile/ted7739/viz/Classeur1_16173754035540/Overview,Ted,screenshots/b11f1079-3b2c-408a-958d-eb0bfe7a7922.png,2026-03-21 18:52:35.39991+00,73
b1f89441-1caf-4171-8ac5-7a2459541ee2,Superstore Regional Sales Scorecard with Targets,https://public.tableau.com/app/profile/kevin.flerlage/viz/SuperstoreRegionalSalesScorecardwithTargets/Scorecard,Kevin Flerlage,screenshots/b1f89441-1caf-4171-8ac5-7a2459541ee2.png,2026-04-08 19:15:07.953472+00,138
b31c3586-c29b-404c-b4cc-947082cce503,Superstore | Business Insights Overview,https://public.tableau.com/app/profile/kunal.vishal/viz/SuperstoreBusinessInsightsOverview/Dashboard,Kunal Vishal,screenshots/b31c3586-c29b-404c-b4cc-947082cce503.png,2026-03-21 19:18:33.303833+00,5
b35783f2-8466-4caf-a197-4159ea1762a3,Superstore Viz Comic,https://public.tableau.com/app/profile/robertrouse/viz/SuperstoreVizComic/SuperstoreVizComic,Robert Rouse,screenshots/b35783f2-8466-4caf-a197-4159ea1762a3.png,2026-03-21 18:35:29.172244+00,68
b7077eaf-5bda-4765-8a1a-31e2bf5688e2,Sample Superstore Orders Dashboard,https://public.tableau.com/app/profile/preeth3235/viz/SampleSuperstoreOrdersDashboard/OrderDashboard,Preeth,screenshots/b7077eaf-5bda-4765-8a1a-31e2bf5688e2.png,2026-03-21 18:34:12.331854+00,98
b7293a84-8693-4c5f-ac95-d9e424d9ca2f,Superstore Dashboard_Action,https://public.tableau.com/app/profile/archananarayan/viz/SuperstoreDashboard_Action/Dashboard1,Archana Narayan,screenshots/b7293a84-8693-4c5f-ac95-d9e424d9ca2f.png,2026-03-21 18:27:22.987081+00,137
b73bbec0-bc48-4402-8fff-ef9c60680911,Superstore Sales Overview,https://public.tableau.com/app/profile/vincent.vaseghi/viz/SuperstoreSalesOverview_16618737412730/SalesOverview,Vincent Vaseghi,screenshots/b73bbec0-bc48-4402-8fff-ef9c60680911.png,2026-03-21 19:11:21.778915+00,28
b8142491-385a-470c-808c-9d8f2c234357,Superstore Sales Insights,https://public.tableau.com/app/profile/adrian.zinovei/viz/SuperstoreSalesInsights_15538984173530/Insights,Adrian Zinovei,screenshots/b8142491-385a-470c-808c-9d8f2c234357.png,2026-02-05 10:11:02.240626+00,30
b8fd251d-0b72-4c91-9b8d-fba21223f200,VG Contest_Super Sample Superstore_Ryan Sleeper,https://public.tableau.com/app/profile/technical.product.marketing/viz/VGContest_SuperSampleSuperstore_RyanSleeper/SuperDescriptive,Technical Product Marketing,screenshots/b8fd251d-0b72-4c91-9b8d-fba21223f200.png,2026-04-08 20:00:04.858266+00,99
b94f155f-8676-46f5-b600-8591f489324d,The Popular Superstore Sales Overview,https://public.tableau.com/app/profile/israel.ayo/viz/CONSPECTUS/Dashboard2,Israel Ayoola,screenshots/b94f155f-8676-46f5-b600-8591f489324d.png,2026-02-05 10:12:43.284281+00,11
ba0a6d21-1711-4c3e-84d4-9cca6c9f95b1,Superstore Sales Insights,https://public.tableau.com/app/profile/datavizard/viz/SuperstoreSalesInsights/Insights,Jacob Olsufka,screenshots/ba0a6d21-1711-4c3e-84d4-9cca6c9f95b1.png,2026-02-05 10:04:49.951675+00,709
ba445ab0-8ff3-45ad-8cb5-ec7275baab13,Superstore - Bento Box KPIs,https://public.tableau.com/app/profile/tam.s.varga/viz/Superstore-Bento-Box/PerformanceOverview,Tamás Varga,screenshots/ba445ab0-8ff3-45ad-8cb5-ec7275baab13.png,2026-03-21 18:38:26.422659+00,112
bd3ada91-5a5e-4b39-86c4-1ebd036d7948,Superstore Dashboard - Business Overview,https://public.tableau.com/app/profile/murilo.cremon/viz/SuperstoreDashboard-BusinessOverview/Dashboard,Murilo Cremon,screenshots/bd3ada91-5a5e-4b39-86c4-1ebd036d7948.png,2026-03-21 18:48:33.68997+00,61
bdc13a80-9636-4641-ae38-cedc8d55c525,Superstore Sales Insights,https://public.tableau.com/app/profile/kritika.agarwal/viz/SuperstoreSalesInsights_2/Insights,Kritika Agarwal,screenshots/bdc13a80-9636-4641-ae38-cedc8d55c525.png,2026-02-05 10:18:54.712996+00,5
bf73bbdb-07ae-4b71-bb20-2acfd9490077,Superstore Sample Dashboard,https://public.tableau.com/app/profile/andy.kriebel/viz/DS19SuperstoreSampleDashboard_15858380103940/SALESPERFORMANCE,Andy Kriebel,screenshots/bf73bbdb-07ae-4b71-bb20-2acfd9490077.png,2026-03-21 18:35:42.875137+00,128
bfb11274-dbb6-4fb8-bf64-026babdf15e7,Historic Heatmap | Business Dashboard | Superstore,https://public.tableau.com/app/profile/sparsonsdataviz/viz/HistoricHeatmapBusinessDashboardSuperstore/SalesInsight,Samuel Parsons,screenshots/bfb11274-dbb6-4fb8-bf64-026babdf15e7.png,2026-03-21 18:32:00.736526+00,11
c0307748-1079-4ddc-903b-4203c48380d0,Building better requirements Superstore,https://public.tableau.com/app/profile/sarah.burnett/viz/BuildingbetterrequirementsSuperstore/SalesDashboard,Sarah Burnett,screenshots/c0307748-1079-4ddc-903b-4203c48380d0.png,2026-03-21 18:24:02.976856+00,48
c2060fe5-c345-40b1-8775-635af57844a3,Superstore,https://public.tableau.com/app/profile/myung.wansik/viz/Superstore_17648124431580/Overview,Myung Wansik,screenshots/c2060fe5-c345-40b1-8775-635af57844a3.png,2026-03-21 19:22:16.558275+00,32
c2160ab3-105d-42e9-b382-68d2627fd16d,Sample Dashboard Superstore,https://public.tableau.com/app/profile/man.tsui1504/viz/SampleDashboardSuperstore/DashboardSuperstoreD3,Man Tsui,screenshots/c2160ab3-105d-42e9-b382-68d2627fd16d.png,2026-03-21 18:55:40.473182+00,7
c6fe91dc-1eef-40b0-859f-9a406d8ba12e,Superstore Sales,https://public.tableau.com/app/profile/data.crunch2164/viz/SuperstoreSales_15754118886870/SuperStore,Data Crunch,screenshots/c6fe91dc-1eef-40b0-859f-9a406d8ba12e.png,2026-02-05 10:08:19.930394+00,20
c8815e23-c465-4ac5-b469-7d0c44a09be0,Performance Dashboar - SuperStore Dataset,https://public.tableau.com/app/profile/cesar.arvizo/viz/Week2-CreateaDashboardinTableau/PerformanceDashboard,Cesar Arvizo,screenshots/c8815e23-c465-4ac5-b469-7d0c44a09be0.png,2026-03-21 19:07:51.445027+00,19
c8c33929-564e-4b14-bfc6-3e880f3283fb,Superstore_92,https://public.tableau.com/app/profile/tableau.core.product.marketing/viz/Superstore_92_0/Overview,Core Product Marketing,screenshots/c8c33929-564e-4b14-bfc6-3e880f3283fb.png,2026-03-21 18:34:25.462741+00,5
c8fc746d-030c-4104-807a-0fd7981cba02,SuperStore (Sales Dashboard),https://public.tableau.com/app/profile/matthew.ian.brown/viz/SuperStoreV1_16336240452090/SalesTotalView,Matthew Ian Brown,screenshots/c8fc746d-030c-4104-807a-0fd7981cba02.png,2026-03-21 19:28:30.790484+00,11
c93f9423-a0ba-4f84-aa77-d6ae84072d82,Advanced Superstore Dashboard,https://public.tableau.com/app/profile/lindsay.betzendahl/viz/AdvancedSuperstoreDashboard/StateAnalysis,Lindsay Betzendahl,screenshots/c93f9423-a0ba-4f84-aa77-d6ae84072d82.png,2026-03-21 18:18:51.457106+00,860
cac2f14c-ca7d-43a9-a205-9d96bdbde414,Superstore: Sales & Profits,https://public.tableau.com/app/profile/elisa.davis/viz/SuperstoreSalesProfits_16554238639630/SuperstoreSalesAnalysis,Elisa Davis,screenshots/cac2f14c-ca7d-43a9-a205-9d96bdbde414.png,2026-02-05 10:16:34.936486+00,5
caf39d51-4bb8-46ce-b052-bf7b503572e8,Superstore Modern,https://public.tableau.com/app/profile/steven.shoemaker/viz/SuperstoreModern/ModernDashboard,Steven Shoemaker,screenshots/caf39d51-4bb8-46ce-b052-bf7b503572e8.png,2026-03-21 18:58:04.62229+00,30
cc5fdd3a-22fe-4340-8635-e686814cd8d4,Superstore Dashboard,https://public.tableau.com/app/profile/jennifer.dawes/viz/SuperstoreDashboard_16370953551140/SuperstoreDashboard,Jennifer Dawes,screenshots/cc5fdd3a-22fe-4340-8635-e686814cd8d4.png,2026-04-08 20:25:35.908892+00,12
cd89eb2c-cfaa-426f-8dda-0a0d91944f0f,Superstore | Simple Remake,https://public.tableau.com/app/profile/steven.shoemaker/viz/SuperStoreRemake/Overview,Steven Shoemaker,screenshots/cd89eb2c-cfaa-426f-8dda-0a0d91944f0f.png,2026-03-21 18:57:25.95482+00,55
ce789b0e-75b9-48dd-99b8-56a1dca8f34d,Superstore Dashboard - Modern Dashboard Design,https://public.tableau.com/app/profile/avdhesh.gaur/viz/SuperstoreDashboard-ModernDashboardDesign_16095159117140/SuperstoreDashboard,avdhesh gaur,screenshots/ce789b0e-75b9-48dd-99b8-56a1dca8f34d.png,2026-03-21 18:50:45.360536+00,93
ced36137-017c-47cb-8b8c-f4293d4d3cd9,Superstore Sales and Orders Dashboard- The Bar Chart Way #VOTD,https://public.tableau.com/app/profile/ananya.dikshit/viz/SuperstoreSalesandOrdersDashboard-TheBarChartWay/Dashboard2,Ananya D,screenshots/ced36137-017c-47cb-8b8c-f4293d4d3cd9.png,2026-02-05 10:10:48.620982+00,185
cf26ca47-d375-45df-a63e-84f6d3abafda,Global Superstore 2017 Year-End Review,https://public.tableau.com/app/profile/cmp160130/viz/GlobalSuperstore2017Year-EndReview/GlobalSuperstore,Chris Perry,screenshots/cf26ca47-d375-45df-a63e-84f6d3abafda.png,2026-03-21 18:57:51.761232+00,6
d0571186-1352-4c3f-bc81-be07f457ee2b,Regional Superstore Sales,https://public.tableau.com/app/profile/jeffrey.angeles/viz/SuperstoreDashboard_15901058655240/RegionalSalesDashboard,Jeffrey Angeles,screenshots/d0571186-1352-4c3f-bc81-be07f457ee2b.png,2026-03-21 19:04:34.432559+00,5
d1dd2f66-c35b-4c85-a18a-09efdcb4327a,Sample Superstore Analysis,https://public.tableau.com/app/profile/komal3207/viz/SampleSuperstoreAnalysis_15991253345880/SampleSuperstoreSummary,Komal Patil,screenshots/d1dd2f66-c35b-4c85-a18a-09efdcb4327a.png,2026-03-21 19:03:40.958798+00,5
d20a8aa7-c811-4052-bbf4-866e08d8a23d,US_Superstore_10.0,https://public.tableau.com/app/profile/technical.product.marketing/viz/US_Superstore_10_0/Overview,Technical Product Marketing,screenshots/d20a8aa7-c811-4052-bbf4-866e08d8a23d.png,2026-03-21 18:37:20.373123+00,14
d220600a-2302-495d-8e38-ada03383cde4,Superstore Sales Dashboard,https://public.tableau.com/app/profile/victory4333/viz/SuperstoreSalesDashboard_17561020904070/SuperstoreOverviewDashboard,Victory Omovrah,screenshots/d220600a-2302-495d-8e38-ada03383cde4.png,2026-02-05 10:13:54.059903+00,19
d37e3877-b992-4d6d-ad88-5b1bc8cb97ac,Superstore,https://public.tableau.com/app/profile/ili.g/viz/Superstore_1252/EUSuperstore,Ilias Guftometros,screenshots/d37e3877-b992-4d6d-ad88-5b1bc8cb97ac.png,2026-03-21 18:57:39.041408+00,44
d6292274-531d-4f96-9601-f306fd9c63a9,Superstore Dashboard,https://public.tableau.com/app/profile/divas.pratap.singh7429/viz/SuperstoreDashboard_16795649049390/DashboardSales,Divas Pratap Singh,screenshots/d6292274-531d-4f96-9601-f306fd9c63a9.png,2026-03-21 18:32:14.345298+00,186
d8f84ef1-bc28-4fa4-b9d2-5943b0c95f8e,Global Superstore 2016 - Project 1,https://public.tableau.com/app/profile/rahul.sharda1408/viz/Project-1_15776480542930/Top10countrieswithmostrefundsandRefundpredictionfornext1Year,Rahul Sharda,screenshots/d8f84ef1-bc28-4fa4-b9d2-5943b0c95f8e.png,2026-03-21 19:17:51.668227+00,19
d9bb5f47-08e3-414c-8c14-f76b8ce53f98,European Superstore Focusing on Issues,https://public.tableau.com/app/profile/sparsonsdataviz/viz/EuropeanSuperstoreFocusingonIssues/SalesTrendProfitabilityFocus,Samuel Parsons,screenshots/d9bb5f47-08e3-414c-8c14-f76b8ce53f98.png,2026-03-21 18:33:07.147915+00,77
daae97cc-7bc0-4362-a5e7-5a24f08037e9,Superstore Sankey Showcase LOD,https://public.tableau.com/app/profile/actinvision/viz/SuperstoreSankeyShowcaseLOD/Sankey,actinvision,screenshots/daae97cc-7bc0-4362-a5e7-5a24f08037e9.png,2026-03-21 18:49:26.374582+00,116
dc205341-21c2-4563-895a-351c580fdc41,Seasonality of Superstore,https://public.tableau.com/app/profile/andy.kriebel/viz/SeasonalityofSuperstore/WW43,Andy Kriebel,screenshots/dc205341-21c2-4563-895a-351c580fdc41.png,2026-03-21 19:28:04.94662+00,13
dcbf2b01-394f-44f6-983c-45953284e118,Superstore KPI Dashboard,https://public.tableau.com/app/profile/kevin.flerlage/viz/SuperstoreKPIDashboard_17529398531280/SuperstoreKPIDashboard,Kevin Flerlage,screenshots/dcbf2b01-394f-44f6-983c-45953284e118.png,2026-04-08 19:14:40.55681+00,146
dcedbe76-fdd9-46eb-82b4-189a3ba1eb3e,Superstore Overview,https://public.tableau.com/app/profile/wh.wang/viz/SuperstoreOverview_16555550488010/Overview,Wei Hsiang Wang,screenshots/dcedbe76-fdd9-46eb-82b4-189a3ba1eb3e.png,2026-03-21 19:21:04.621668+00,5
de2ee6fd-ac1d-42fc-8fec-c3c8fdd439c9,SuperstoreSalesRepReport,https://public.tableau.com/app/profile/luke.barousse/viz/SuperstoreSalesRepReport/Dashboard,Luke Barousse,screenshots/de2ee6fd-ac1d-42fc-8fec-c3c8fdd439c9.png,2026-02-05 10:12:07.154413+00,13
e1c1935f-6ada-47ae-bd71-08a369101bc8,SUPERSTORE SALES DASHBOARD,https://public.tableau.com/app/profile/saveriorocchetti/viz/SUPERSTORESALESDASHBOARD_16735430070070/Overview,Saverio Rocchetti,screenshots/e1c1935f-6ada-47ae-bd71-08a369101bc8.png,2026-02-05 10:06:22.261593+00,276
e1e06616-f8b9-4389-a662-3954b9771a54,Sample Superstore Analysis - Navigation Buttons,https://public.tableau.com/app/profile/naresh.suglani/viz/SampleSuperstoreAnalysis-NavigationButtons/Sales,Naresh Suglani,screenshots/e1e06616-f8b9-4389-a662-3954b9771a54.png,2026-03-21 18:32:27.462105+00,65
e1e18120-b64c-4338-ad4c-370191456b46,1988-Q4 Superstore Sales,https://public.tableau.com/app/profile/klaus.schulte/viz/1988-Q4SuperstoreSales/SuperstoreSales,Klaus Schulte,screenshots/e1e18120-b64c-4338-ad4c-370191456b46.png,2026-02-05 10:21:21.585376+00,10
e21e6979-bede-4a20-81ed-379d937f9143,Superstore Performance Dashboard,https://public.tableau.com/app/profile/ahmed.shehata.ali/viz/SuperstorePerformanceDashboard_16770864305490/Home,Ahmed Shehata,screenshots/e21e6979-bede-4a20-81ed-379d937f9143.png,2026-03-21 19:08:36.244414+00,18
e27e05a0-479c-461d-95f1-99121fe5f913,SuperStore SuperInteractivity,https://public.tableau.com/app/profile/adrian.zinovei/viz/SuperStoreSuperInteractivity/Summary,Adrian Zinovei,screenshots/e27e05a0-479c-461d-95f1-99121fe5f913.png,2026-04-08 19:13:17.818731+00,261
e7442c32-1acb-4581-af52-5c359f573159,Superstore KPI | Dashboard Layout Design,https://public.tableau.com/app/profile/kung8872/viz/Book1_16250422753170/Dashboard1,Kung,screenshots/e7442c32-1acb-4581-af52-5c359f573159.png,2026-04-08 20:16:11.202089+00,28
e8076628-1574-4bca-a746-37891d1d8c8c,Superstore Dashboard,https://public.tableau.com/app/profile/kate.ina.protivenskiy/viz/SuperstoreDashboard_16983088923190/SuperStoreExecutive,Katerina Protivenskiy,screenshots/e8076628-1574-4bca-a746-37891d1d8c8c.png,2026-03-21 19:27:12.293531+00,12
e8682c6f-c6b3-4af5-85e3-9bb59d6f4cdb,Superstore Insights,https://public.tableau.com/app/profile/dhairyaparekh/viz/SuperstoreInsightsExercise/SuperStoreDashboard,Dhairya Parekh,screenshots/e8682c6f-c6b3-4af5-85e3-9bb59d6f4cdb.png,2026-03-21 19:18:47.292946+00,5
e9e2ee89-4105-4c6f-9fb9-7f638134a33e,Super Sample Superstore,https://public.tableau.com/app/profile/osmguy/viz/SuperSampleSuperstore/SuperDescriptive,Ryan Sleeper,screenshots/e9e2ee89-4105-4c6f-9fb9-7f638134a33e.png,2026-03-21 18:19:18.070133+00,993
ea033b18-c500-421d-8b79-17fb82868a2c,Superstore Sales Executive Overview,https://public.tableau.com/app/profile/israel.ayo/viz/SuperstoreSalesExecutiveOverview_17430768558500/SalesOverview,Israel Ayoola,screenshots/ea033b18-c500-421d-8b79-17fb82868a2c.png,2026-02-05 10:13:09.523143+00,15
ea428b8b-bdfc-4b70-9891-8b5a63bac7fd,Superstore Performance Overview,https://public.tableau.com/app/profile/kseniia.rydannykh/viz/2024Superstore_17215690794550/DASH1,Kseniia Rydannykh,screenshots/ea428b8b-bdfc-4b70-9891-8b5a63bac7fd.png,2026-03-21 19:00:05.97295+00,8
ea431c80-7f06-49d3-b811-dd57c92360fd,Superstore_10.0,https://public.tableau.com/app/profile/tableau.core.product.marketing/viz/Superstore_10_0_0/Overview,Core Product Marketing,screenshots/ea431c80-7f06-49d3-b811-dd57c92360fd.png,2026-03-21 18:44:22.772449+00,21
eca22c25-da6f-4918-8def-fd8358e817bb,KPI Business Dashboard,https://public.tableau.com/app/profile/fuadahmed/viz/KPISuperstoreDashboard/KPI,Fuad Ahmed,screenshots/eca22c25-da6f-4918-8def-fd8358e817bb.png,2026-03-21 18:28:38.389099+00,644
ecdfba73-abd3-44e8-a75c-6ac9b0ba430d,Superstore Customer Sales Dashboard,https://public.tableau.com/app/profile/akash.sengupta/viz/SuperstoreCustomerSalesDashboard/SuperstoreCustomerSalesDashboard,Akash Sengupta,screenshots/ecdfba73-abd3-44e8-a75c-6ac9b0ba430d.png,2026-03-21 19:02:38.2104+00,19
ee87f028-0bf2-4c03-81c5-6b974a4cfcb5,Superstore Sales Dashboard #VOTD,https://public.tableau.com/app/profile/israel.ayo/viz/SuperstoreSalesDashboard_17403964185480/KPIsSummary,Israel Ayoola,screenshots/ee87f028-0bf2-4c03-81c5-6b974a4cfcb5.png,2026-02-05 10:05:16.021265+00,540
ee9aff18-ae63-4cd7-9376-fa5ff0cf8225,US Superstore Dashboard,https://public.tableau.com/app/profile/siva6717/viz/USSuperstoreDashboard/USSuperstoreDashboard,Siva Kora,screenshots/ee9aff18-ae63-4cd7-9376-fa5ff0cf8225.png,2026-03-21 18:48:47.169369+00,6
eebc88f0-81aa-4726-9b81-7a8d19179a13,Superstore Sales Scorecard,https://public.tableau.com/app/profile/linda.carltonafs/viz/SuperstoreSalesScorecard/SuperstoreScorecard,Linda Carlton,screenshots/eebc88f0-81aa-4726-9b81-7a8d19179a13.png,2026-02-05 10:16:48.253088+00,6
efb8dacc-0466-4708-8980-c80049a39429,Superstore Cascading Hierarchy,https://public.tableau.com/app/profile/bryce.larsen/viz/SuperstoreCascadingHierarchy/DynamicHierarchyComparison,Bryce Larsen,screenshots/efb8dacc-0466-4708-8980-c80049a39429.png,2026-03-21 19:20:37.048264+00,9
eff571fd-4178-4f2c-a0c5-a38b3fbfd2d2,Mobile Layout | Regional Superstore Sales,https://public.tableau.com/app/profile/owen.barnes/viz/MobileLayoutRegionalSuperstoreSales/MobileLayout,Owen Barnes,screenshots/eff571fd-4178-4f2c-a0c5-a38b3fbfd2d2.png,2026-02-05 10:20:37.24486+00,12
f05e56d2-fb5e-4cce-aa7a-b995d645ecef,Superstore - Dark Mode,https://public.tableau.com/app/profile/kizley.benedict/viz/Superstore-DarkMode/SalesOverview,Kizley Benedict,screenshots/f05e56d2-fb5e-4cce-aa7a-b995d645ecef.png,2026-04-08 19:18:41.385056+00,371
f0745d59-3e8a-4f80-bc87-fc798757fd9d,Superstore KPI Dynamic Card,https://public.tableau.com/app/profile/israel.ayo/viz/SuperstoreKPIDynamicCard/KPIDashboard,Israel Ayoola,screenshots/f0745d59-3e8a-4f80-bc87-fc798757fd9d.png,2026-03-21 18:33:45.608313+00,201
f0b5e4a3-6367-4466-8e62-c5d13b2d7796,Collapsible Control Pane | Superstore Insights v2,https://public.tableau.com/app/profile/sparsonsdataviz/viz/CollapsibleControlPaneSuperstoreInsightsv2/CompanyProfitability,Samuel Parsons,screenshots/f0b5e4a3-6367-4466-8e62-c5d13b2d7796.png,2026-03-21 18:33:58.949529+00,162
f167aa48-2aec-41c2-8ffc-aca1831850aa,Superstore Design,https://public.tableau.com/app/profile/yvette/viz/Superstore_viz_16971067694070/Home,IvettAlexa,screenshots/f167aa48-2aec-41c2-8ffc-aca1831850aa.png,2026-03-21 18:40:48.5301+00,29
f1a73df5-6495-4500-9d61-10d680df4881,Superstore - Overview,https://public.tableau.com/app/profile/pallavi.naik/viz/Superstore-Overview_16152560543330/Overview,Pallavi Naik,screenshots/f1a73df5-6495-4500-9d61-10d680df4881.png,2026-03-21 18:54:55.543313+00,58
f1aedffc-9d86-4501-a8ce-a176ddccc435,Superstore,https://public.tableau.com/app/profile/p.padham/viz/Superstore_15979367389700/Dashboard1,Priya Padham,screenshots/f1aedffc-9d86-4501-a8ce-a176ddccc435.png,2026-03-21 19:24:46.527517+00,7
f203089e-101f-4b7d-9080-6b51c3e97ee7,NDLS Superstore Sales Dashboard,https://public.tableau.com/app/profile/ndls/viz/NDLSSuperstoreSalesDashboard/MAIN,NewDataLabs Sp. z o.o.,screenshots/f203089e-101f-4b7d-9080-6b51c3e97ee7.png,2026-02-05 10:11:41.144143+00,24
f255183e-e2d9-418c-8a49-a6c9655fbf23,Superstore,https://public.tableau.com/app/profile/adrian.zinovei/viz/Superstore_15538635858830/Superstore,Adrian Zinovei,screenshots/f255183e-e2d9-418c-8a49-a6c9655fbf23.png,2026-03-21 19:12:12.697189+00,6
f7e590cf-1dd0-45b8-9ddb-558f40016459,Company Profit | Superstore Insights,https://public.tableau.com/app/profile/sparsonsdataviz/viz/CompanyProfitSuperstoreInsights/CompanyProfitability,Samuel Parsons,screenshots/f7e590cf-1dd0-45b8-9ddb-558f40016459.png,2026-03-21 18:19:04.812546+00,323
f7f7c77a-95e8-4be9-b265-b44a79c014d9,Superstore sales - Product Overview,https://public.tableau.com/app/profile/michael7697/viz/Superstoresales-ProductOverview/Dashboard5,Michael Fajemilehin,screenshots/f7f7c77a-95e8-4be9-b265-b44a79c014d9.png,2026-02-05 10:06:36.009334+00,185
f8d3be46-479b-42cd-b3af-2ffd4fe0d0dd,SuperStore Dashboard,https://public.tableau.com/app/profile/tamasszabo/viz/SuperStoreDashboard_16850322961960/SuperStore,Tamas Szabo,screenshots/f8d3be46-479b-42cd-b3af-2ffd4fe0d0dd.png,2026-04-08 20:15:15.215077+00,11
fbdc09db-a04b-42ae-a52f-4329a6133c99,SampleSuperstore Dashboard,https://public.tableau.com/app/profile/sanjaytom15/viz/SampleSuperstoreDashboard_16727362108420/SuperstoreDashboard,Sanjay Tom,screenshots/fbdc09db-a04b-42ae-a52f-4329a6133c99.png,2026-03-21 19:19:45.560251+00,42